Country,Indicator,Date,Close,Source,Frequency
akistan,Exchange Rate,12/30/2022,226.4,Trading Economics,Daily
akistan,Exchange Rate,12/29/2022,226.4,Trading Economics,Daily
akistan,Exchange Rate,12/28/2022,226.5,Trading Economics,Daily
akistan,Exchange Rate,12/27/2022,226.25,Trading Economics,Daily
akistan,Exchange Rate,12/26/2022,225.75,Trading Economics,Daily
akistan,Exchange Rate,12/23/2022,225.75,Trading Economics,Daily
akistan,Exchange Rate,12/22/2022,225.5,Trading Economics,Daily
akistan,Exchange Rate,12/21/2022,225.5,Trading Economics,Daily
akistan,Exchange Rate,12/20/2022,225.25,Trading Economics,Daily
akistan,Exchange Rate,12/19/2022,224.5,Trading Economics,Daily
akistan,Exchange Rate,12/16/2022,224.5,Trading Economics,Daily
akistan,Exchange Rate,12/15/2022,224.75,Trading Economics,Daily
akistan,Exchange Rate,12/14/2022,224.75,Trading Economics,Daily
akistan,Exchange Rate,12/13/2022,224.75,Trading Economics,Daily
akistan,Exchange Rate,12/12/2022,224.75,Trading Economics,Daily
akistan,Exchange Rate,12/9/2022,224.5,Trading Economics,Daily
akistan,Exchange Rate,12/8/2022,224.5,Trading Economics,Daily
akistan,Exchange Rate,12/7/2022,224.25,Trading Economics,Daily
akistan,Exchange Rate,12/6/2022,224.25,Trading Economics,Daily
akistan,Exchange Rate,12/5/2022,224,Trading Economics,Daily
akistan,Exchange Rate,12/2/2022,223.65,Trading Economics,Daily
akistan,Exchange Rate,12/1/2022,224.25,Trading Economics,Daily
akistan,Exchange Rate,11/30/2022,224.5,Trading Economics,Daily
akistan,Exchange Rate,11/29/2022,224.25,Trading Economics,Daily
akistan,Exchange Rate,11/28/2022,224,Trading Economics,Daily
akistan,Exchange Rate,11/25/2022,224.25,Trading Economics,Daily
akistan,Exchange Rate,11/24/2022,223.9,Trading Economics,Daily
akistan,Exchange Rate,11/23/2022,223.8,Trading Economics,Daily
akistan,Exchange Rate,11/22/2022,223.75,Trading Economics,Daily
akistan,Exchange Rate,11/21/2022,224,Trading Economics,Daily
akistan,Exchange Rate,11/18/2022,223.5,Trading Economics,Daily
akistan,Exchange Rate,11/17/2022,222,Trading Economics,Daily
akistan,Exchange Rate,11/16/2022,222.05,Trading Economics,Daily
akistan,Exchange Rate,11/15/2022,221.45,Trading Economics,Daily
akistan,Exchange Rate,11/14/2022,221,Trading Economics,Daily
akistan,Exchange Rate,11/11/2022,221.11,Trading Economics,Daily
akistan,Exchange Rate,11/10/2022,221.03,Trading Economics,Daily
akistan,Exchange Rate,11/9/2022,221,Trading Economics,Daily
akistan,Exchange Rate,11/8/2022,221.1,Trading Economics,Daily
akistan,Exchange Rate,11/7/2022,221,Trading Economics,Daily
akistan,Exchange Rate,11/4/2022,221,Trading Economics,Daily
akistan,Exchange Rate,11/3/2022,221.46,Trading Economics,Daily
akistan,Exchange Rate,11/2/2022,221,Trading Economics,Daily
akistan,Exchange Rate,11/1/2022,220.1,Trading Economics,Daily
akistan,Exchange Rate,10/31/2022,220,Trading Economics,Daily
akistan,Exchange Rate,10/28/2022,221,Trading Economics,Daily
akistan,Exchange Rate,10/27/2022,221,Trading Economics,Daily
akistan,Exchange Rate,10/26/2022,219,Trading Economics,Daily
akistan,Exchange Rate,10/25/2022,220.5,Trading Economics,Daily
akistan,Exchange Rate,10/24/2022,220.5,Trading Economics,Daily
akistan,Exchange Rate,10/21/2022,220.7,Trading Economics,Daily
akistan,Exchange Rate,10/20/2022,220.75,Trading Economics,Daily
akistan,Exchange Rate,10/19/2022,220.5,Trading Economics,Daily
akistan,Exchange Rate,10/18/2022,219.4,Trading Economics,Daily
akistan,Exchange Rate,10/17/2022,219.5,Trading Economics,Daily
akistan,Exchange Rate,10/14/2022,219,Trading Economics,Daily
akistan,Exchange Rate,10/13/2022,218.75,Trading Economics,Daily
akistan,Exchange Rate,10/12/2022,217.5,Trading Economics,Daily
akistan,Exchange Rate,10/11/2022,216.8,Trading Economics,Daily
akistan,Exchange Rate,10/10/2022,217.4,Trading Economics,Daily
akistan,Exchange Rate,10/7/2022,221.4,Trading Economics,Daily
akistan,Exchange Rate,10/6/2022,221.4,Trading Economics,Daily
akistan,Exchange Rate,10/5/2022,222.75,Trading Economics,Daily
akistan,Exchange Rate,10/4/2022,229,Trading Economics,Daily
akistan,Exchange Rate,10/3/2022,229,Trading Economics,Daily
akistan,Exchange Rate,9/30/2022,227.65,Trading Economics,Daily
akistan,Exchange Rate,9/29/2022,229,Trading Economics,Daily
akistan,Exchange Rate,9/28/2022,231.5,Trading Economics,Daily
akistan,Exchange Rate,9/27/2022,236.4,Trading Economics,Daily
akistan,Exchange Rate,9/26/2022,239,Trading Economics,Daily
akistan,Exchange Rate,9/23/2022,239.4,Trading Economics,Daily
akistan,Exchange Rate,9/22/2022,239,Trading Economics,Daily
akistan,Exchange Rate,9/21/2022,237.8,Trading Economics,Daily
akistan,Exchange Rate,9/20/2022,238.5,Trading Economics,Daily
akistan,Exchange Rate,9/19/2022,239.5,Trading Economics,Daily
akistan,Exchange Rate,9/18/2022,238.25,Trading Economics,Daily
akistan,Exchange Rate,9/16/2022,238.25,Trading Economics,Daily
akistan,Exchange Rate,9/15/2022,235.7,Trading Economics,Daily
akistan,Exchange Rate,9/14/2022,233.75,Trading Economics,Daily
akistan,Exchange Rate,9/13/2022,233.6,Trading Economics,Daily
akistan,Exchange Rate,9/12/2022,231,Trading Economics,Daily
akistan,Exchange Rate,9/9/2022,229.75,Trading Economics,Daily
akistan,Exchange Rate,9/8/2022,223,Trading Economics,Daily
akistan,Exchange Rate,9/7/2022,224.25,Trading Economics,Daily
akistan,Exchange Rate,9/6/2022,222,Trading Economics,Daily
akistan,Exchange Rate,9/5/2022,219.28,Trading Economics,Daily
akistan,Exchange Rate,9/2/2022,218.8,Trading Economics,Daily
akistan,Exchange Rate,9/1/2022,217.7,Trading Economics,Daily
akistan,Exchange Rate,8/31/2022,218.25,Trading Economics,Daily
akistan,Exchange Rate,8/30/2022,219.7,Trading Economics,Daily
akistan,Exchange Rate,8/29/2022,222.5,Trading Economics,Daily
akistan,Exchange Rate,8/26/2022,220.3,Trading Economics,Daily
akistan,Exchange Rate,8/25/2022,216.1,Trading Economics,Daily
akistan,Exchange Rate,8/24/2022,219,Trading Economics,Daily
akistan,Exchange Rate,8/23/2022,216.8,Trading Economics,Daily
akistan,Exchange Rate,8/22/2022,216.3,Trading Economics,Daily
akistan,Exchange Rate,8/19/2022,214.5,Trading Economics,Daily
akistan,Exchange Rate,8/18/2022,214.65,Trading Economics,Daily
akistan,Exchange Rate,8/17/2022,214,Trading Economics,Daily
akistan,Exchange Rate,8/16/2022,213.4,Trading Economics,Daily
akistan,Exchange Rate,8/15/2022,213.59,Trading Economics,Daily
akistan,Exchange Rate,8/12/2022,219.3,Trading Economics,Daily
akistan,Exchange Rate,8/11/2022,219.3,Trading Economics,Daily
akistan,Exchange Rate,8/10/2022,224.15,Trading Economics,Daily
akistan,Exchange Rate,8/9/2022,224.15,Trading Economics,Daily
akistan,Exchange Rate,8/8/2022,224.05,Trading Economics,Daily
akistan,Exchange Rate,8/5/2022,223.88,Trading Economics,Daily
akistan,Exchange Rate,8/4/2022,225.4,Trading Economics,Daily
akistan,Exchange Rate,8/3/2022,228.25,Trading Economics,Daily
akistan,Exchange Rate,8/2/2022,238.25,Trading Economics,Daily
akistan,Exchange Rate,8/1/2022,239.2,Trading Economics,Daily
akistan,Exchange Rate,7/29/2022,239.66,Trading Economics,Daily
akistan,Exchange Rate,7/28/2022,239.7,Trading Economics,Daily
akistan,Exchange Rate,7/27/2022,235.25,Trading Economics,Daily
akistan,Exchange Rate,7/26/2022,232.29,Trading Economics,Daily
akistan,Exchange Rate,7/25/2022,229.75,Trading Economics,Daily
akistan,Exchange Rate,7/22/2022,228,Trading Economics,Daily
akistan,Exchange Rate,7/21/2022,227,Trading Economics,Daily
akistan,Exchange Rate,7/20/2022,224.75,Trading Economics,Daily
akistan,Exchange Rate,7/19/2022,221.5,Trading Economics,Daily
akistan,Exchange Rate,7/18/2022,215.5,Trading Economics,Daily
akistan,Exchange Rate,7/15/2022,210.7,Trading Economics,Daily
akistan,Exchange Rate,7/14/2022,209.4,Trading Economics,Daily
akistan,Exchange Rate,7/13/2022,209.99,Trading Economics,Daily
akistan,Exchange Rate,7/11/2022,206.86,Trading Economics,Daily
akistan,Exchange Rate,7/8/2022,207.06,Trading Economics,Daily
akistan,Exchange Rate,7/7/2022,207.09,Trading Economics,Daily
akistan,Exchange Rate,7/6/2022,207.29,Trading Economics,Daily
akistan,Exchange Rate,7/5/2022,206.5,Trading Economics,Daily
akistan,Exchange Rate,7/4/2022,204.5,Trading Economics,Daily
akistan,Exchange Rate,6/30/2022,204.5,Trading Economics,Daily
akistan,Exchange Rate,6/29/2022,204.65,Trading Economics,Daily
akistan,Exchange Rate,6/28/2022,206.54,Trading Economics,Daily
akistan,Exchange Rate,6/27/2022,206.75,Trading Economics,Daily
akistan,Exchange Rate,6/24/2022,208,Trading Economics,Daily
akistan,Exchange Rate,6/23/2022,208.4,Trading Economics,Daily
akistan,Exchange Rate,6/22/2022,211.25,Trading Economics,Daily
akistan,Exchange Rate,6/21/2022,211.5,Trading Economics,Daily
akistan,Exchange Rate,6/20/2022,209.38,Trading Economics,Daily
akistan,Exchange Rate,6/17/2022,208.5,Trading Economics,Daily
akistan,Exchange Rate,6/16/2022,208.25,Trading Economics,Daily
akistan,Exchange Rate,6/15/2022,206.5,Trading Economics,Daily
akistan,Exchange Rate,6/14/2022,205.75,Trading Economics,Daily
akistan,Exchange Rate,6/13/2022,203.5,Trading Economics,Daily
akistan,Exchange Rate,6/10/2022,201.6,Trading Economics,Daily
akistan,Exchange Rate,6/9/2022,201.5,Trading Economics,Daily
akistan,Exchange Rate,6/8/2022,200,Trading Economics,Daily
akistan,Exchange Rate,6/7/2022,202.25,Trading Economics,Daily
akistan,Exchange Rate,6/6/2022,199.8,Trading Economics,Daily
akistan,Exchange Rate,6/3/2022,197.4,Trading Economics,Daily
akistan,Exchange Rate,6/2/2022,197.2,Trading Economics,Daily
akistan,Exchange Rate,6/1/2022,197.5,Trading Economics,Daily
akistan,Exchange Rate,5/31/2022,198.7,Trading Economics,Daily
akistan,Exchange Rate,5/30/2022,198.6,Trading Economics,Daily
akistan,Exchange Rate,5/27/2022,199.75,Trading Economics,Daily
akistan,Exchange Rate,5/26/2022,202.25,Trading Economics,Daily
akistan,Exchange Rate,5/25/2022,202,Trading Economics,Daily
akistan,Exchange Rate,5/24/2022,200.1,Trading Economics,Daily
akistan,Exchange Rate,5/23/2022,200.4,Trading Economics,Daily
akistan,Exchange Rate,5/20/2022,200.1,Trading Economics,Daily
akistan,Exchange Rate,5/19/2022,199.7,Trading Economics,Daily
akistan,Exchange Rate,5/18/2022,197.5,Trading Economics,Daily
akistan,Exchange Rate,5/17/2022,196.5,Trading Economics,Daily
akistan,Exchange Rate,5/16/2022,193.3,Trading Economics,Daily
akistan,Exchange Rate,5/13/2022,192.75,Trading Economics,Daily
akistan,Exchange Rate,5/12/2022,191.9,Trading Economics,Daily
akistan,Exchange Rate,5/11/2022,190.5,Trading Economics,Daily
akistan,Exchange Rate,5/10/2022,188.95,Trading Economics,Daily
akistan,Exchange Rate,5/9/2022,187.6,Trading Economics,Daily
akistan,Exchange Rate,5/6/2022,186.03,Trading Economics,Daily
akistan,Exchange Rate,5/5/2022,185.4,Trading Economics,Daily
akistan,Exchange Rate,5/4/2022,185.22,Trading Economics,Daily
akistan,Exchange Rate,5/3/2022,185.4,Trading Economics,Daily
akistan,Exchange Rate,5/2/2022,185.4,Trading Economics,Daily
akistan,Exchange Rate,4/30/2022,185.4,Trading Economics,Daily
akistan,Exchange Rate,4/29/2022,185.4,Trading Economics,Daily
akistan,Exchange Rate,4/28/2022,185.29,Trading Economics,Daily
akistan,Exchange Rate,4/27/2022,185.32,Trading Economics,Daily
akistan,Exchange Rate,4/26/2022,185.95,Trading Economics,Daily
akistan,Exchange Rate,4/25/2022,185.7,Trading Economics,Daily
akistan,Exchange Rate,4/22/2022,187.21,Trading Economics,Daily
akistan,Exchange Rate,4/21/2022,186.65,Trading Economics,Daily
akistan,Exchange Rate,4/20/2022,185.6,Trading Economics,Daily
akistan,Exchange Rate,4/19/2022,183,Trading Economics,Daily
akistan,Exchange Rate,4/18/2022,181.89,Trading Economics,Daily
akistan,Exchange Rate,4/16/2022,181,Trading Economics,Daily
akistan,Exchange Rate,4/15/2022,181.5,Trading Economics,Daily
akistan,Exchange Rate,4/14/2022,180.64,Trading Economics,Daily
akistan,Exchange Rate,4/13/2022,181.25,Trading Economics,Daily
akistan,Exchange Rate,4/12/2022,181.62,Trading Economics,Daily
akistan,Exchange Rate,4/11/2022,182.82,Trading Economics,Daily
akistan,Exchange Rate,4/8/2022,184,Trading Economics,Daily
akistan,Exchange Rate,4/7/2022,188,Trading Economics,Daily
akistan,Exchange Rate,4/6/2022,186.05,Trading Economics,Daily
akistan,Exchange Rate,4/5/2022,185.1,Trading Economics,Daily
akistan,Exchange Rate,4/4/2022,183.2,Trading Economics,Daily
akistan,Exchange Rate,4/1/2022,183.9,Trading Economics,Daily
akistan,Exchange Rate,3/31/2022,183.4,Trading Economics,Daily
akistan,Exchange Rate,3/30/2022,182.4,Trading Economics,Daily
akistan,Exchange Rate,3/29/2022,182.2,Trading Economics,Daily
akistan,Exchange Rate,3/28/2022,182.1,Trading Economics,Daily
akistan,Exchange Rate,3/25/2022,181.7,Trading Economics,Daily
akistan,Exchange Rate,3/24/2022,181.6,Trading Economics,Daily
akistan,Exchange Rate,3/23/2022,181.7,Trading Economics,Daily
akistan,Exchange Rate,3/22/2022,181.7,Trading Economics,Daily
akistan,Exchange Rate,3/21/2022,181.15,Trading Economics,Daily
akistan,Exchange Rate,3/18/2022,180.5,Trading Economics,Daily
akistan,Exchange Rate,3/17/2022,179.55,Trading Economics,Daily
akistan,Exchange Rate,3/16/2022,179.3,Trading Economics,Daily
akistan,Exchange Rate,3/15/2022,179.15,Trading Economics,Daily
akistan,Exchange Rate,3/14/2022,179,Trading Economics,Daily
akistan,Exchange Rate,3/11/2022,178.35,Trading Economics,Daily
akistan,Exchange Rate,3/10/2022,178.5,Trading Economics,Daily
akistan,Exchange Rate,3/9/2022,178.5,Trading Economics,Daily
akistan,Exchange Rate,3/8/2022,178.5,Trading Economics,Daily
akistan,Exchange Rate,3/7/2022,177.8,Trading Economics,Daily
akistan,Exchange Rate,3/4/2022,177.25,Trading Economics,Daily
akistan,Exchange Rate,3/3/2022,177.5,Trading Economics,Daily
akistan,Exchange Rate,3/2/2022,177.35,Trading Economics,Daily
akistan,Exchange Rate,3/1/2022,177.25,Trading Economics,Daily
akistan,Exchange Rate,2/28/2022,177.25,Trading Economics,Daily
akistan,Exchange Rate,2/25/2022,176.8,Trading Economics,Daily
akistan,Exchange Rate,2/24/2022,176.5,Trading Economics,Daily
akistan,Exchange Rate,2/23/2022,176,Trading Economics,Daily
akistan,Exchange Rate,2/22/2022,176,Trading Economics,Daily
akistan,Exchange Rate,2/21/2022,175.6,Trading Economics,Daily
akistan,Exchange Rate,2/18/2022,175.6,Trading Economics,Daily
akistan,Exchange Rate,2/17/2022,175.2,Trading Economics,Daily
akistan,Exchange Rate,2/16/2022,175.5,Trading Economics,Daily
akistan,Exchange Rate,2/15/2022,175.8,Trading Economics,Daily
akistan,Exchange Rate,2/14/2022,175.75,Trading Economics,Daily
akistan,Exchange Rate,2/11/2022,174.5,Trading Economics,Daily
akistan,Exchange Rate,2/10/2022,174.9,Trading Economics,Daily
akistan,Exchange Rate,2/9/2022,174.15,Trading Economics,Daily
akistan,Exchange Rate,2/8/2022,174,Trading Economics,Daily
akistan,Exchange Rate,2/7/2022,174.28,Trading Economics,Daily
akistan,Exchange Rate,2/4/2022,174.13,Trading Economics,Daily
akistan,Exchange Rate,2/3/2022,175.6,Trading Economics,Daily
akistan,Exchange Rate,2/2/2022,175.97,Trading Economics,Daily
akistan,Exchange Rate,2/1/2022,176,Trading Economics,Daily
akistan,Exchange Rate,1/31/2022,176.32,Trading Economics,Daily
akistan,Exchange Rate,1/28/2022,176.5,Trading Economics,Daily
akistan,Exchange Rate,1/27/2022,176.6,Trading Economics,Daily
akistan,Exchange Rate,1/26/2022,176.7,Trading Economics,Daily
akistan,Exchange Rate,1/25/2022,176.2,Trading Economics,Daily
akistan,Exchange Rate,1/24/2022,175.94,Trading Economics,Daily
akistan,Exchange Rate,1/21/2022,176,Trading Economics,Daily
akistan,Exchange Rate,1/20/2022,176.25,Trading Economics,Daily
akistan,Exchange Rate,1/19/2022,175.97,Trading Economics,Daily
akistan,Exchange Rate,1/18/2022,175.52,Trading Economics,Daily
akistan,Exchange Rate,1/17/2022,175.9,Trading Economics,Daily
akistan,Exchange Rate,1/14/2022,175.75,Trading Economics,Daily
akistan,Exchange Rate,1/13/2022,176,Trading Economics,Daily
akistan,Exchange Rate,1/12/2022,175.9,Trading Economics,Daily
akistan,Exchange Rate,1/11/2022,176.37,Trading Economics,Daily
akistan,Exchange Rate,1/10/2022,176.3,Trading Economics,Daily
akistan,Exchange Rate,1/7/2022,176.55,Trading Economics,Daily
akistan,Exchange Rate,1/6/2022,176.65,Trading Economics,Daily
akistan,Exchange Rate,1/5/2022,176.3,Trading Economics,Daily
akistan,Exchange Rate,1/4/2022,176.25,Trading Economics,Daily
akistan,Exchange Rate,1/3/2022,176.27,Trading Economics,Daily
akistan,Exchange Rate,12/31/2021,175.8,Trading Economics,Daily
akistan,Exchange Rate,12/30/2021,177.9,Trading Economics,Daily
akistan,Exchange Rate,12/29/2021,178.15,Trading Economics,Daily
akistan,Exchange Rate,12/28/2021,178.3,Trading Economics,Daily
akistan,Exchange Rate,12/27/2021,178.05,Trading Economics,Daily
akistan,Exchange Rate,12/24/2021,178.25,Trading Economics,Daily
akistan,Exchange Rate,12/23/2021,178,Trading Economics,Daily
akistan,Exchange Rate,12/22/2021,178.3,Trading Economics,Daily
akistan,Exchange Rate,12/21/2021,178.15,Trading Economics,Daily
akistan,Exchange Rate,12/20/2021,177.95,Trading Economics,Daily
akistan,Exchange Rate,12/17/2021,178.1,Trading Economics,Daily
akistan,Exchange Rate,12/16/2021,177.9,Trading Economics,Daily
akistan,Exchange Rate,12/15/2021,177.85,Trading Economics,Daily
akistan,Exchange Rate,12/14/2021,177.8,Trading Economics,Daily
akistan,Exchange Rate,12/13/2021,177.8,Trading Economics,Daily
akistan,Exchange Rate,12/10/2021,177.5,Trading Economics,Daily
akistan,Exchange Rate,12/9/2021,177.05,Trading Economics,Daily
akistan,Exchange Rate,12/8/2021,177.15,Trading Economics,Daily
akistan,Exchange Rate,12/7/2021,176.5,Trading Economics,Daily
akistan,Exchange Rate,12/6/2021,176.5,Trading Economics,Daily
akistan,Exchange Rate,12/3/2021,176.35,Trading Economics,Daily
akistan,Exchange Rate,12/2/2021,176.5,Trading Economics,Daily
akistan,Exchange Rate,12/1/2021,174.98,Trading Economics,Daily
akistan,Exchange Rate,11/30/2021,175.72,Trading Economics,Daily
akistan,Exchange Rate,11/29/2021,176,Trading Economics,Daily
akistan,Exchange Rate,11/26/2021,175.3,Trading Economics,Daily
akistan,Exchange Rate,11/25/2021,175.11,Trading Economics,Daily
akistan,Exchange Rate,11/24/2021,175.3,Trading Economics,Daily
akistan,Exchange Rate,11/23/2021,174.55,Trading Economics,Daily
akistan,Exchange Rate,11/22/2021,174.5,Trading Economics,Daily
akistan,Exchange Rate,11/19/2021,174.73,Trading Economics,Daily
akistan,Exchange Rate,11/18/2021,174.4,Trading Economics,Daily
akistan,Exchange Rate,11/17/2021,174.25,Trading Economics,Daily
akistan,Exchange Rate,11/16/2021,174.25,Trading Economics,Daily
akistan,Exchange Rate,11/15/2021,174.2,Trading Economics,Daily
akistan,Exchange Rate,11/12/2021,175.25,Trading Economics,Daily
akistan,Exchange Rate,11/11/2021,173.5,Trading Economics,Daily
akistan,Exchange Rate,11/10/2021,172.25,Trading Economics,Daily
akistan,Exchange Rate,11/9/2021,170.93,Trading Economics,Daily
akistan,Exchange Rate,11/8/2021,169.8,Trading Economics,Daily
akistan,Exchange Rate,11/5/2021,169.6,Trading Economics,Daily
akistan,Exchange Rate,11/4/2021,169.58,Trading Economics,Daily
akistan,Exchange Rate,11/3/2021,169.54,Trading Economics,Daily
akistan,Exchange Rate,11/2/2021,169.88,Trading Economics,Daily
akistan,Exchange Rate,11/1/2021,171.24,Trading Economics,Daily
akistan,Exchange Rate,10/30/2021,171.55,Trading Economics,Daily
akistan,Exchange Rate,10/29/2021,170.38,Trading Economics,Daily
akistan,Exchange Rate,10/28/2021,171.75,Trading Economics,Daily
akistan,Exchange Rate,10/27/2021,173.75,Trading Economics,Daily
akistan,Exchange Rate,10/26/2021,174.6,Trading Economics,Daily
akistan,Exchange Rate,10/25/2021,174.3,Trading Economics,Daily
akistan,Exchange Rate,10/22/2021,173.95,Trading Economics,Daily
akistan,Exchange Rate,10/21/2021,173.2,Trading Economics,Daily
akistan,Exchange Rate,10/20/2021,173.2,Trading Economics,Daily
akistan,Exchange Rate,10/19/2021,172.25,Trading Economics,Daily
akistan,Exchange Rate,10/18/2021,172,Trading Economics,Daily
akistan,Exchange Rate,10/15/2021,171,Trading Economics,Daily
akistan,Exchange Rate,10/14/2021,171,Trading Economics,Daily
akistan,Exchange Rate,10/13/2021,170.75,Trading Economics,Daily
akistan,Exchange Rate,10/12/2021,171,Trading Economics,Daily
akistan,Exchange Rate,10/11/2021,170.65,Trading Economics,Daily
akistan,Exchange Rate,10/8/2021,170.25,Trading Economics,Daily
akistan,Exchange Rate,10/7/2021,170.25,Trading Economics,Daily
akistan,Exchange Rate,10/6/2021,170.75,Trading Economics,Daily
akistan,Exchange Rate,10/5/2021,170.5,Trading Economics,Daily
akistan,Exchange Rate,10/4/2021,170.4,Trading Economics,Daily
akistan,Exchange Rate,10/1/2021,169.75,Trading Economics,Daily
akistan,Exchange Rate,9/30/2021,170.5,Trading Economics,Daily
akistan,Exchange Rate,9/29/2021,170.25,Trading Economics,Daily
akistan,Exchange Rate,9/28/2021,169.6,Trading Economics,Daily
akistan,Exchange Rate,9/27/2021,169.4,Trading Economics,Daily
akistan,Exchange Rate,9/24/2021,168.9,Trading Economics,Daily
akistan,Exchange Rate,9/23/2021,168.8,Trading Economics,Daily
akistan,Exchange Rate,9/22/2021,168.25,Trading Economics,Daily
akistan,Exchange Rate,9/21/2021,168.3,Trading Economics,Daily
akistan,Exchange Rate,9/20/2021,168.5,Trading Economics,Daily
akistan,Exchange Rate,9/17/2021,167.46,Trading Economics,Daily
akistan,Exchange Rate,9/16/2021,167.5,Trading Economics,Daily
akistan,Exchange Rate,9/15/2021,169.25,Trading Economics,Daily
akistan,Exchange Rate,9/14/2021,167.9,Trading Economics,Daily
akistan,Exchange Rate,9/13/2021,167.9,Trading Economics,Daily
akistan,Exchange Rate,9/11/2021,167.9,Trading Economics,Daily
akistan,Exchange Rate,9/10/2021,167.9,Trading Economics,Daily
akistan,Exchange Rate,9/9/2021,167.5,Trading Economics,Daily
akistan,Exchange Rate,9/8/2021,167,Trading Economics,Daily
akistan,Exchange Rate,9/7/2021,167.5,Trading Economics,Daily
akistan,Exchange Rate,9/6/2021,166.7,Trading Economics,Daily
akistan,Exchange Rate,9/3/2021,166.5,Trading Economics,Daily
akistan,Exchange Rate,9/2/2021,167.02,Trading Economics,Daily
akistan,Exchange Rate,9/1/2021,166.5,Trading Economics,Daily
akistan,Exchange Rate,8/31/2021,166.25,Trading Economics,Daily
akistan,Exchange Rate,8/30/2021,164.94,Trading Economics,Daily
akistan,Exchange Rate,8/27/2021,165.7,Trading Economics,Daily
akistan,Exchange Rate,8/26/2021,166,Trading Economics,Daily
akistan,Exchange Rate,8/25/2021,165.75,Trading Economics,Daily
akistan,Exchange Rate,8/24/2021,164.75,Trading Economics,Daily
akistan,Exchange Rate,8/23/2021,164.2,Trading Economics,Daily
akistan,Exchange Rate,8/20/2021,164.05,Trading Economics,Daily
akistan,Exchange Rate,8/19/2021,163.6,Trading Economics,Daily
akistan,Exchange Rate,8/18/2021,163.6,Trading Economics,Daily
akistan,Exchange Rate,8/17/2021,163.6,Trading Economics,Daily
akistan,Exchange Rate,8/16/2021,164.1,Trading Economics,Daily
akistan,Exchange Rate,8/13/2021,163.6,Trading Economics,Daily
akistan,Exchange Rate,8/12/2021,163.6,Trading Economics,Daily
akistan,Exchange Rate,8/11/2021,163.85,Trading Economics,Daily
akistan,Exchange Rate,8/10/2021,163.5,Trading Economics,Daily
akistan,Exchange Rate,8/9/2021,163.75,Trading Economics,Daily
akistan,Exchange Rate,8/6/2021,163.1,Trading Economics,Daily
akistan,Exchange Rate,8/5/2021,163.4,Trading Economics,Daily
akistan,Exchange Rate,8/4/2021,163.5,Trading Economics,Daily
akistan,Exchange Rate,8/3/2021,162.65,Trading Economics,Daily
akistan,Exchange Rate,8/2/2021,163.25,Trading Economics,Daily
akistan,Exchange Rate,7/30/2021,161.75,Trading Economics,Daily
akistan,Exchange Rate,7/29/2021,161.5,Trading Economics,Daily
akistan,Exchange Rate,7/28/2021,161.5,Trading Economics,Daily
akistan,Exchange Rate,7/27/2021,161,Trading Economics,Daily
akistan,Exchange Rate,7/26/2021,161,Trading Economics,Daily
akistan,Exchange Rate,7/23/2021,161.46,Trading Economics,Daily
akistan,Exchange Rate,7/22/2021,160.7,Trading Economics,Daily
akistan,Exchange Rate,7/21/2021,160.7,Trading Economics,Daily
akistan,Exchange Rate,7/20/2021,160.7,Trading Economics,Daily
akistan,Exchange Rate,7/19/2021,160.7,Trading Economics,Daily
akistan,Exchange Rate,7/18/2021,159,Trading Economics,Daily
akistan,Exchange Rate,7/16/2021,159,Trading Economics,Daily
akistan,Exchange Rate,7/15/2021,159,Trading Economics,Daily
akistan,Exchange Rate,7/14/2021,158.5,Trading Economics,Daily
akistan,Exchange Rate,7/13/2021,159,Trading Economics,Daily
akistan,Exchange Rate,7/12/2021,159.4,Trading Economics,Daily
akistan,Exchange Rate,7/11/2021,158.95,Trading Economics,Daily
akistan,Exchange Rate,7/9/2021,158.9,Trading Economics,Daily
akistan,Exchange Rate,7/8/2021,159,Trading Economics,Daily
akistan,Exchange Rate,7/7/2021,158.3,Trading Economics,Daily
akistan,Exchange Rate,7/6/2021,158.05,Trading Economics,Daily
akistan,Exchange Rate,7/5/2021,157.68,Trading Economics,Daily
akistan,Exchange Rate,7/2/2021,157.5,Trading Economics,Daily
akistan,Exchange Rate,7/1/2021,157.8,Trading Economics,Daily
akistan,Exchange Rate,6/30/2021,157.53,Trading Economics,Daily
akistan,Exchange Rate,6/29/2021,158.1,Trading Economics,Daily
akistan,Exchange Rate,6/28/2021,157.75,Trading Economics,Daily
akistan,Exchange Rate,6/26/2021,157.45,Trading Economics,Daily
akistan,Exchange Rate,6/25/2021,157.6,Trading Economics,Daily
akistan,Exchange Rate,6/24/2021,157.6,Trading Economics,Daily
akistan,Exchange Rate,6/23/2021,157.8,Trading Economics,Daily
akistan,Exchange Rate,6/22/2021,157.75,Trading Economics,Daily
akistan,Exchange Rate,6/21/2021,157,Trading Economics,Daily
akistan,Exchange Rate,6/20/2021,155.65,Trading Economics,Daily
akistan,Exchange Rate,6/18/2021,156.5,Trading Economics,Daily
akistan,Exchange Rate,6/17/2021,156.65,Trading Economics,Daily
akistan,Exchange Rate,6/16/2021,156.5,Trading Economics,Daily
akistan,Exchange Rate,6/15/2021,156.25,Trading Economics,Daily
akistan,Exchange Rate,6/14/2021,155.75,Trading Economics,Daily
akistan,Exchange Rate,6/13/2021,154.85,Trading Economics,Daily
akistan,Exchange Rate,6/11/2021,155.75,Trading Economics,Daily
akistan,Exchange Rate,6/10/2021,155.5,Trading Economics,Daily
akistan,Exchange Rate,6/9/2021,155.35,Trading Economics,Daily
akistan,Exchange Rate,6/8/2021,155.19,Trading Economics,Daily
akistan,Exchange Rate,6/7/2021,154.5,Trading Economics,Daily
akistan,Exchange Rate,6/4/2021,154.3,Trading Economics,Daily
akistan,Exchange Rate,6/3/2021,154.25,Trading Economics,Daily
akistan,Exchange Rate,6/2/2021,154.25,Trading Economics,Daily
akistan,Exchange Rate,6/1/2021,154.25,Trading Economics,Daily
akistan,Exchange Rate,5/31/2021,152.52,Trading Economics,Daily
akistan,Exchange Rate,5/28/2021,154.3,Trading Economics,Daily
akistan,Exchange Rate,5/27/2021,154.5,Trading Economics,Daily
akistan,Exchange Rate,5/26/2021,154.5,Trading Economics,Daily
akistan,Exchange Rate,5/25/2021,154,Trading Economics,Daily
akistan,Exchange Rate,5/24/2021,152.87,Trading Economics,Daily
akistan,Exchange Rate,5/21/2021,152.72,Trading Economics,Daily
akistan,Exchange Rate,5/20/2021,153,Trading Economics,Daily
akistan,Exchange Rate,5/19/2021,152.85,Trading Economics,Daily
akistan,Exchange Rate,5/18/2021,152.3,Trading Economics,Daily
akistan,Exchange Rate,5/17/2021,152.2,Trading Economics,Daily
akistan,Exchange Rate,5/15/2021,152.2,Trading Economics,Daily
akistan,Exchange Rate,5/14/2021,151.7,Trading Economics,Daily
akistan,Exchange Rate,5/13/2021,151.9,Trading Economics,Daily
akistan,Exchange Rate,5/12/2021,151.05,Trading Economics,Daily
akistan,Exchange Rate,5/11/2021,151.35,Trading Economics,Daily
akistan,Exchange Rate,5/10/2021,151.6,Trading Economics,Daily
akistan,Exchange Rate,5/9/2021,151.68,Trading Economics,Daily
akistan,Exchange Rate,5/7/2021,151.92,Trading Economics,Daily
akistan,Exchange Rate,5/6/2021,152.45,Trading Economics,Daily
akistan,Exchange Rate,5/5/2021,152.45,Trading Economics,Daily
akistan,Exchange Rate,5/4/2021,153.1,Trading Economics,Daily
akistan,Exchange Rate,5/3/2021,152.85,Trading Economics,Daily
akistan,Exchange Rate,5/2/2021,152.75,Trading Economics,Daily
akistan,Exchange Rate,4/30/2021,152.98,Trading Economics,Daily
akistan,Exchange Rate,4/29/2021,153,Trading Economics,Daily
akistan,Exchange Rate,4/28/2021,153.95,Trading Economics,Daily
akistan,Exchange Rate,4/27/2021,154,Trading Economics,Daily
akistan,Exchange Rate,4/26/2021,153.85,Trading Economics,Daily
akistan,Exchange Rate,4/25/2021,153.18,Trading Economics,Daily
akistan,Exchange Rate,4/24/2021,153.7,Trading Economics,Daily
akistan,Exchange Rate,4/23/2021,153.25,Trading Economics,Daily
akistan,Exchange Rate,4/22/2021,153.2,Trading Economics,Daily
akistan,Exchange Rate,4/21/2021,152.5,Trading Economics,Daily
akistan,Exchange Rate,4/20/2021,152.6,Trading Economics,Daily
akistan,Exchange Rate,4/19/2021,152.6,Trading Economics,Daily
akistan,Exchange Rate,4/16/2021,152.5,Trading Economics,Daily
akistan,Exchange Rate,4/15/2021,152.55,Trading Economics,Daily
akistan,Exchange Rate,4/14/2021,152.6,Trading Economics,Daily
akistan,Exchange Rate,4/13/2021,152.55,Trading Economics,Daily
akistan,Exchange Rate,4/12/2021,152.6,Trading Economics,Daily
akistan,Exchange Rate,4/9/2021,152.19,Trading Economics,Daily
akistan,Exchange Rate,4/8/2021,152.06,Trading Economics,Daily
akistan,Exchange Rate,4/7/2021,152.29,Trading Economics,Daily
akistan,Exchange Rate,4/6/2021,152.69,Trading Economics,Daily
akistan,Exchange Rate,4/5/2021,152.09,Trading Economics,Daily
akistan,Exchange Rate,4/2/2021,152.94,Trading Economics,Daily
akistan,Exchange Rate,4/1/2021,151.72,Trading Economics,Daily
akistan,Exchange Rate,3/31/2021,152.32,Trading Economics,Daily
akistan,Exchange Rate,3/30/2021,152.75,Trading Economics,Daily
akistan,Exchange Rate,3/29/2021,154,Trading Economics,Daily
akistan,Exchange Rate,3/26/2021,154.85,Trading Economics,Daily
akistan,Exchange Rate,3/25/2021,154.28,Trading Economics,Daily
akistan,Exchange Rate,3/24/2021,155.75,Trading Economics,Daily
akistan,Exchange Rate,3/23/2021,155.13,Trading Economics,Daily
akistan,Exchange Rate,3/22/2021,155.7,Trading Economics,Daily
akistan,Exchange Rate,3/19/2021,155.65,Trading Economics,Daily
akistan,Exchange Rate,3/18/2021,154.43,Trading Economics,Daily
akistan,Exchange Rate,3/17/2021,155.75,Trading Economics,Daily
akistan,Exchange Rate,3/16/2021,156.42,Trading Economics,Daily
akistan,Exchange Rate,3/15/2021,156.71,Trading Economics,Daily
akistan,Exchange Rate,3/12/2021,156.8,Trading Economics,Daily
akistan,Exchange Rate,3/11/2021,156.85,Trading Economics,Daily
akistan,Exchange Rate,3/10/2021,156.65,Trading Economics,Daily
akistan,Exchange Rate,3/9/2021,156.46,Trading Economics,Daily
akistan,Exchange Rate,3/8/2021,156.54,Trading Economics,Daily
akistan,Exchange Rate,3/5/2021,156.38,Trading Economics,Daily
akistan,Exchange Rate,3/4/2021,157,Trading Economics,Daily
akistan,Exchange Rate,3/3/2021,157,Trading Economics,Daily
akistan,Exchange Rate,3/2/2021,157.65,Trading Economics,Daily
akistan,Exchange Rate,3/1/2021,158.45,Trading Economics,Daily
akistan,Exchange Rate,2/27/2021,158.35,Trading Economics,Daily
akistan,Exchange Rate,2/26/2021,158.45,Trading Economics,Daily
akistan,Exchange Rate,2/25/2021,158.25,Trading Economics,Daily
akistan,Exchange Rate,2/24/2021,158.4,Trading Economics,Daily
akistan,Exchange Rate,2/23/2021,158.62,Trading Economics,Daily
akistan,Exchange Rate,2/22/2021,158.8,Trading Economics,Daily
akistan,Exchange Rate,2/19/2021,158.75,Trading Economics,Daily
akistan,Exchange Rate,2/18/2021,158.65,Trading Economics,Daily
akistan,Exchange Rate,2/17/2021,159.1,Trading Economics,Daily
akistan,Exchange Rate,2/16/2021,159.15,Trading Economics,Daily
akistan,Exchange Rate,2/15/2021,158.93,Trading Economics,Daily
akistan,Exchange Rate,2/12/2021,158.45,Trading Economics,Daily
akistan,Exchange Rate,2/11/2021,159.06,Trading Economics,Daily
akistan,Exchange Rate,2/10/2021,159.1,Trading Economics,Daily
akistan,Exchange Rate,2/9/2021,159.55,Trading Economics,Daily
akistan,Exchange Rate,2/8/2021,159.25,Trading Economics,Daily
akistan,Exchange Rate,2/5/2021,159.5,Trading Economics,Daily
akistan,Exchange Rate,2/4/2021,159.5,Trading Economics,Daily
akistan,Exchange Rate,2/3/2021,159.9,Trading Economics,Daily
akistan,Exchange Rate,2/2/2021,159.8,Trading Economics,Daily
akistan,Exchange Rate,2/1/2021,160,Trading Economics,Daily
akistan,Exchange Rate,1/29/2021,159.6,Trading Economics,Daily
akistan,Exchange Rate,1/28/2021,159.9,Trading Economics,Daily
akistan,Exchange Rate,1/27/2021,160.1,Trading Economics,Daily
akistan,Exchange Rate,1/26/2021,160.6,Trading Economics,Daily
akistan,Exchange Rate,1/25/2021,160.7,Trading Economics,Daily
akistan,Exchange Rate,1/22/2021,160.35,Trading Economics,Daily
akistan,Exchange Rate,1/21/2021,160.25,Trading Economics,Daily
akistan,Exchange Rate,1/20/2021,160.1,Trading Economics,Daily
akistan,Exchange Rate,1/19/2021,160.1,Trading Economics,Daily
akistan,Exchange Rate,1/18/2021,160.25,Trading Economics,Daily
akistan,Exchange Rate,1/15/2021,160.1,Trading Economics,Daily
akistan,Exchange Rate,1/14/2021,160,Trading Economics,Daily
akistan,Exchange Rate,1/13/2021,160,Trading Economics,Daily
akistan,Exchange Rate,1/12/2021,160,Trading Economics,Daily
akistan,Exchange Rate,1/11/2021,160,Trading Economics,Daily
akistan,Exchange Rate,1/8/2021,159.9,Trading Economics,Daily
akistan,Exchange Rate,1/7/2021,159.75,Trading Economics,Daily
akistan,Exchange Rate,1/6/2021,160.1,Trading Economics,Daily
akistan,Exchange Rate,1/5/2021,160.25,Trading Economics,Daily
akistan,Exchange Rate,1/4/2021,159.8,Trading Economics,Daily
akistan,Exchange Rate,1/1/2021,159.75,Trading Economics,Daily
